mean_length,mean_return,std_length,std_return,step,success_rate
160.1,-477.51187039126035,52.69620479693011,6.803020986781647,9999,0.0
148.4,-478.95963844323194,48.49989690710693,6.15995722626646,19999,0.0
379.1,-195.26852256553036,257.7011641417244,206.3926039109559,29999,0.0
