mean_length,mean_return,std_length,std_return,step,success_rate
168.3,-468.592864503121,58.544085952382936,10.00761680505333,9999,0.0
132.8,-474.3964329320076,28.589508565206224,5.548352447817085,19999,0.0
808.0,-135.897595343364,674.7202383210392,379.46934440718854,29999,0.0
297.1,-217.76669616838257,265.9749800263175,273.65085653471857,39999,0.0
260.7,-325.3192580973489,264.8482773211863,177.24528628259108,49999,0.0
240.5,-335.080687174899,233.95736791133552,160.48730584840715,59999,0.0
157.1,-397.3129311998303,159.80265955233662,113.40678907381384,69999,0.0
269.9,-286.78224412791127,218.97508990750524,216.31058732301256,79999,0.0
