mean_length,mean_return,std_length,std_return,step,success_rate
400.0,0.0,0.0,0.0,9999,0.0
400.0,0.0,0.0,0.0,19999,0.0
400.0,0.0,0.0,0.0,29999,0.0
344.1,1.0,111.85030174299933,2.0,39999,0.2
42.7,5.0,1.9,0.0,49999,1.0
75.8,4.5,108.07108771544773,1.5,59999,0.9
38.8,5.0,3.2802438933713454,0.0,69999,1.0
37.9,5.0,1.9209372712298545,0.0,79999,1.0
56.7,5.0,17.911169699380327,0.0,89999,1.0
41.3,5.0,2.9000000000000004,0.0,99999,1.0
35.7,5.0,1.5524174696260025,0.0,109999,1.0
