mean_length,mean_return,std_length,std_return,step,success_rate
168.3,-468.592864503121,58.544085952382936,10.00761680505333,9999,0.0
132.8,-474.3964329320076,28.589508565206224,5.548352447817085,19999,0.0
439.5,-124.36730552641416,457.0963246406604,473.1574587738141,29999,0.1
257.7,-323.4305274932707,230.13824106393096,219.08087810404405,39999,0.0
249.7,-308.23373553499715,209.93334656504666,205.42359005060928,49999,0.0
449.7,-144.34899045264513,288.2450519956934,254.906910442727,59999,0.0
328.7,-220.6968700655641,309.56002648920935,306.078078160541,69999,0.0
370.5,-171.54213590968385,338.8127063733,359.2131578620857,79999,0.0
