mean_length,mean_return,std_length,std_return,step,success_rate
178.2,-468.2542496151841,63.40946301617764,10.838657748791176,9999,0.0
140.1,-473.4686211350868,33.960123674686464,6.552823702973239,19999,0.0
464.1,-211.95047779410498,335.49976154984074,228.44935094740507,29999,0.0
674.6,-46.90575981921218,511.01060654354325,397.9977865796347,39999,0.0
446.0,-82.19306510207103,329.4935507714832,341.12729474922173,49999,0.0
367.4,-229.0596027555327,321.848784369306,263.57857926848646,59999,0.0
408.0,-219.26012147622254,362.48393067831296,297.35632048402397,69999,0.0
610.6,-6.383601699523427,513.2674156811437,450.4760512858642,79999,0.1
513.8,-116.04974687650716,510.7664436902644,427.22304249899923,89999,0.0
