mean_length,mean_return,std_length,std_return,step,success_rate
1250.6,-552.3530455178634,219.09869922023728,8.926789865289422,9999,0.0
1250.6,-552.3530455178634,219.09869922023728,8.926789865289422,19999,0.0
990.8,357.2980464121702,285.84604247741476,367.88113906795047,29999,0.3
797.7,263.55426419891546,312.4253670878855,412.44617819605253,39999,0.2
795.1,268.38919571405336,252.67744260222358,297.3365422997321,49999,0.1
476.8,-31.154700265378022,253.8096924863194,17.08689880315758,59999,0.0
837.7,366.09377842855895,196.59605794623653,148.34038150499407,69999,0.0
786.0,299.0025637258466,230.54544020648078,178.04376023368405,79999,0.0
