mean_length,mean_return,std_length,std_return,step,success_rate
400.0,0.0,0.0,0.0,9999,0.0
400.0,0.0,0.0,0.0,19999,0.0
400.0,0.0,0.0,0.0,29999,0.0
400.0,0.0,0.0,0.0,39999,0.0
43.3,5.0,1.6155494421403511,0.0,49999,1.0
41.7,5.0,1.6155494421403513,0.0,59999,1.0
73.3,5.0,79.53118885066411,0.0,69999,1.0
38.9,5.0,1.1357816691600546,0.0,79999,1.0
41.5,5.0,2.6172504656604803,0.0,89999,1.0
37.4,5.0,1.8000000000000003,0.0,99999,1.0
