mean_length,mean_return,std_length,std_return,step,success_rate
400.0,0.0,0.0,0.0,9999,0.0
400.0,0.0,0.0,0.0,19999,0.0
400.0,0.0,0.0,0.0,29999,0.0
400.0,0.0,0.0,0.0,39999,0.0
43.5,5.0,3.52845575287547,0.0,49999,1.0
39.7,5.0,1.7916472867168916,0.0,59999,1.0
43.8,5.0,2.821347195933177,0.0,69999,1.0
43.5,5.0,3.383784863137726,0.0,79999,1.0
53.0,5.0,14.212670403551895,0.0,89999,1.0
37.4,5.0,1.2806248474865698,0.0,99999,1.0
