mean_length,mean_return,std_length,std_return,step,success_rate
400.0,0.0,0.0,0.0,9999,0.0
400.0,0.0,0.0,0.0,19999,0.0
400.0,0.0,0.0,0.0,29999,0.0
340.0,1.0,120.00083333043983,2.0,39999,0.2
44.3,5.0,2.491987158875422,0.0,49999,1.0
42.4,5.0,1.3564659966250536,0.0,59999,1.0
38.6,5.0,1.854723699099141,0.0,69999,1.0
36.2,5.0,2.0396078054371136,0.0,79999,1.0
37.1,5.0,4.205948168962618,0.0,89999,1.0
36.4,5.0,2.009975124224178,0.0,99999,1.0
35.7,5.0,2.1470910553583886,0.0,109999,1.0
