mean_length,mean_return,std_length,std_return,step,success_rate
1000.0,22.15885706169938,0.0,7.523688146764124,9999,0.0
1000.0,22.161431896757605,0.0,7.521201455719314,19999,0.0
