mean_length,mean_return,std_length,std_return,step,success_rate
178.2,-468.2542496151841,63.40946301617764,10.838657748791176,9999,0.0
140.1,-473.4686211350868,33.960123674686464,6.552823702973239,19999,0.0
219.8,-332.19682707550794,138.08171493720664,178.89753938147874,29999,0.0
350.3,-167.6695784942928,430.5050638494279,431.293803826812,39999,0.1
297.6,-222.9412120432738,203.99617643475577,251.80279544782383,49999,0.0
378.1,-149.45476501129687,326.0160885600586,330.49248206356054,59999,0.0
201.5,-334.6117785106091,171.2730276488391,167.61755930282365,69999,0.0
204.3,-360.28415666198146,159.27526487185636,107.61812387024536,79999,0.0
317.4,-283.9869896382591,291.5956789803306,203.28864439542005,89999,0.0
