mean_length,mean_return,std_length,std_return,step,success_rate
400.0,0.0,0.0,0.0,9999,0.0
400.0,0.0,0.0,0.0,19999,0.0
400.0,0.0,0.0,0.0,29999,0.0
400.0,0.0,0.0,0.0,39999,0.0
41.2,5.0,2.0396078054371136,0.0,49999,1.0
40.9,5.0,0.8306623862918074,0.0,59999,1.0
37.3,5.0,4.172529209005013,0.0,69999,1.0
38.2,5.0,3.0594117081556713,0.0,79999,1.0
34.4,5.0,0.9165151389911679,0.0,89999,1.0
36.0,5.0,2.5298221281347035,0.0,99999,1.0
35.7,5.0,1.676305461424021,0.0,109999,1.0
