global_step,episode_reward,episode_length
366,-451.7943462897531,366
697,-465.8217125382266,331
993,-455.79926199262025,296
1329,-462.4135593220343,336
