mean_length,mean_return,std_length,std_return,step,success_rate
1000.0,0.0,0.0,0.0,9999,0.0
1000.0,0.0,0.0,0.0,19999,0.0
1000.0,132.6,0.0,1.42828568570857,29999,0.0
1000.0,0.0,0.0,0.0,39999,0.0
1000.0,1.3,0.0,0.7810249675906654,49999,0.0
1000.0,4.9,0.0,0.3,59999,0.0
1000.0,4.2,0.0,0.39999999999999997,69999,0.0
